<application>
  <component name="FileTypeManager" version="18">
    <extensionMap>
      <mapping pattern="ac_api_client" type="AUTO_DETECTED" />
      <mapping pattern="tmp" type="AUTO_DETECTED" />
      <mapping pattern="*.json.hbs" type="JSON" />
      <mapping pattern=".swp" type="PLAIN_TEXT" />
      <mapping pattern=".taslismanrc" type="PLAIN_TEXT" />
      <mapping pattern=".flake8" type="PLAIN_TEXT" />
      <mapping pattern="java-service" type="PLAIN_TEXT" />
      <mapping pattern="NavigationSelectors" type="PLAIN_TEXT" />
      <mapping pattern="requirements" type="PLAIN_TEXT" />
      <mapping pattern="Dockerfile_bck" type="PLAIN_TEXT" />
      <mapping pattern="ActivationCompletePage" type="PLAIN_TEXT" />
      <mapping pattern=".direnv" type="PLAIN_TEXT" />
      <mapping pattern=".envrc" type="PLAIN_TEXT" />
      <mapping pattern=".talismanrc" type="PLAIN_TEXT" />
      <mapping pattern="HeaderActionCreator" type="PLAIN_TEXT" />
      <mapping ext="env" type="PLAIN_TEXT" />
      <mapping ext="not-so-secret" type="PLAIN_TEXT" />
      <mapping ext="secret" type="PLAIN_TEXT" />
      <mapping ext="seed" type="PLAIN_TEXT" />
      <mapping ext="js1" type="PLAIN_TEXT" />
      <mapping ext="py__" type="PLAIN_TEXT" />
      <mapping ext="graphql" type="SQL" />
      <mapping pattern="Pagination" type="TypeScript" />
      <removed_mapping ext="bat" approved="true" type="PLAIN_TEXT" />
      <removed_mapping ext="cmd" approved="true" type="PLAIN_TEXT" />
      <removed_mapping ext="conf" approved="true" type="PLAIN_TEXT" />
      <removed_mapping ext="dockerfile" approved="true" type="textmate" />
      <removed_mapping ext="graphql" approved="true" type="GraphQL" />
      <removed_mapping ext="log" approved="true" type="PLAIN_TEXT" />
      <removed_mapping ext="makefile" approved="true" type="textmate" />
      <removed_mapping ext="snakefile" approved="true" type="textmate" />
      <removed_mapping ext="txt" approved="true" type="PLAIN_TEXT" />
      <mapping ext="gradle.kts" type="Kotlin" />
      <mapping ext="main.kts" type="Kotlin" />
      <mapping ext="plantuml" type="PlantUML file" />
      <mapping ext="space.kts" type="Kotlin" />
      <mapping pattern="Jenkinsfile" type="Groovy" />
    </extensionMap>
  </component>
</application>