<application>
  <component name="ActionMacroManager">
    <macro name="require to import">
      <action id="EditorRightWithSelection" />
      <action id="EditorRightWithSelection" />
      <action id="EditorRightWithSelection" />
      <action id="EditorRightWithSelection" />
      <action id="EditorRightWithSelection" />
      <typing text-keycode="73:0;77:0;80:0;79:0;82:0;84:0">import</typing>
      <action id="EditorLineEnd" />
      <action id="EditorLeft" />
      <action id="EditorMatchBrace" />
      <action id="EditorRight" />
      <action id="EditorPreviousWordWithSelection" />
      <action id="EditorPreviousWordWithSelection" />
      <action id="EditorPreviousWordWithSelection" />
      <typing text-keycode="70:0;82:0;79:0;77:0;32:0">from&amp;#x20;</typing>
      <action id="EditorLineEnd" />
      <action id="EditorLeft" />
      <action id="EditorBackSpace" />
      <action id="SaveAll" />
    </macro>
  </component>
</application>