<application>
  <component name="MaterialThemeConfig">
    <option name="arrowsStyle" value="Darcula" />
    <option name="allowDataCollection" value="true" />
    <option name="compactDropdowns" value="true" />
    <option name="isCompactStatusBar" value="true" />
    <option name="isCompactTables" value="true" />
    <option name="isContrastMode" value="true" />
    <option name="isHighContrast" value="true" />
    <option name="isWizardShown" value="true" />
    <option name="pristineConfig" value="false" />
    <option name="accentColor" value="7dc7c0" />
    <option name="highlightColor" value="80cbc4" />
    <option name="selectedTheme" value="ONE_DARK" />
    <option name="userId" value="1b991a1b:167658f84b6:-8000" />
    <option name="version" value="3.8.0.2" />
  </component>
</application>