<application>
  <component name="NotificationConfiguration" systemNotifications="false">
    <notification groupId="Accepted language levels" />
    <notification groupId="Common Version Control Messages" displayType="TOOL_WINDOW" shouldLog="false" />
    <notification groupId="Docker: Dockerfile detection" displayType="NONE" shouldLog="false" />
    <notification groupId="Enable google-java-format" shouldLog="false" />
    <notification groupId="Test Runner" displayType="NONE" shouldLog="false" />
    <notification groupId="Vcs Important Messages" shouldLog="false" />
    <notification groupId="Vcs Messages" displayType="TOOL_WINDOW" shouldLog="false" />
    <notification groupId="Vcs Notifications" shouldLog="false" />
    <notification groupId="Vcs Silent Notifications" shouldLog="false" />
  </component>
</application>